[{"model": "auth.permission", "pk": 1, "fields": {"name": "Can add log entry", "content_type": 1, "codename": "add_logentry"}}, {"model": "auth.permission", "pk": 2, "fields": {"name": "Can change log entry", "content_type": 1, "codename": "change_logentry"}}, {"model": "auth.permission", "pk": 3, "fields": {"name": "Can delete log entry", "content_type": 1, "codename": "delete_logentry"}}, {"model": "auth.permission", "pk": 4, "fields": {"name": "Can view log entry", "content_type": 1, "codename": "view_logentry"}}, {"model": "auth.permission", "pk": 5, "fields": {"name": "Can add permission", "content_type": 2, "codename": "add_permission"}}, {"model": "auth.permission", "pk": 6, "fields": {"name": "Can change permission", "content_type": 2, "codename": "change_permission"}}, {"model": "auth.permission", "pk": 7, "fields": {"name": "Can delete permission", "content_type": 2, "codename": "delete_permission"}}, {"model": "auth.permission", "pk": 8, "fields": {"name": "Can view permission", "content_type": 2, "codename": "view_permission"}}, {"model": "auth.permission", "pk": 9, "fields": {"name": "Can add group", "content_type": 3, "codename": "add_group"}}, {"model": "auth.permission", "pk": 10, "fields": {"name": "Can change group", "content_type": 3, "codename": "change_group"}}, {"model": "auth.permission", "pk": 11, "fields": {"name": "Can delete group", "content_type": 3, "codename": "delete_group"}}, {"model": "auth.permission", "pk": 12, "fields": {"name": "Can view group", "content_type": 3, "codename": "view_group"}}, {"model": "auth.permission", "pk": 13, "fields": {"name": "Can add content type", "content_type": 4, "codename": "add_contenttype"}}, {"model": "auth.permission", "pk": 14, "fields": {"name": "Can change content type", "content_type": 4, "codename": "change_contenttype"}}, {"model": "auth.permission", "pk": 15, "fields": {"name": "Can delete content type", "content_type": 4, "codename": "delete_contenttype"}}, {"model": "auth.permission", "pk": 16, "fields": {"name": "Can view content type", "content_type": 4, "codename": "view_contenttype"}}, {"model": "auth.permission", "pk": 17, "fields": {"name": "Can add session", "content_type": 5, "codename": "add_session"}}, {"model": "auth.permission", "pk": 18, "fields": {"name": "Can change session", "content_type": 5, "codename": "change_session"}}, {"model": "auth.permission", "pk": 19, "fields": {"name": "Can delete session", "content_type": 5, "codename": "delete_session"}}, {"model": "auth.permission", "pk": 20, "fields": {"name": "Can view session", "content_type": 5, "codename": "view_session"}}, {"model": "auth.permission", "pk": 21, "fields": {"name": "Can add order", "content_type": 6, "codename": "add_order"}}, {"model": "auth.permission", "pk": 22, "fields": {"name": "Can change order", "content_type": 6, "codename": "change_order"}}, {"model": "auth.permission", "pk": 23, "fields": {"name": "Can delete order", "content_type": 6, "codename": "delete_order"}}, {"model": "auth.permission", "pk": 24, "fields": {"name": "Can view order", "content_type": 6, "codename": "view_order"}}, {"model": "auth.permission", "pk": 25, "fields": {"name": "Can add ticket", "content_type": 7, "codename": "add_ticket"}}, {"model": "auth.permission", "pk": 26, "fields": {"name": "Can change ticket", "content_type": 7, "codename": "change_ticket"}}, {"model": "auth.permission", "pk": 27, "fields": {"name": "Can delete ticket", "content_type": 7, "codename": "delete_ticket"}}, {"model": "auth.permission", "pk": 28, "fields": {"name": "Can view ticket", "content_type": 7, "codename": "view_ticket"}}, {"model": "auth.permission", "pk": 29, "fields": {"name": "Can add route", "content_type": 8, "codename": "add_route"}}, {"model": "auth.permission", "pk": 30, "fields": {"name": "Can change route", "content_type": 8, "codename": "change_route"}}, {"model": "auth.permission", "pk": 31, "fields": {"name": "Can delete route", "content_type": 8, "codename": "delete_route"}}, {"model": "auth.permission", "pk": 32, "fields": {"name": "Can view route", "content_type": 8, "codename": "view_route"}}, {"model": "auth.permission", "pk": 33, "fields": {"name": "Can add station", "content_type": 9, "codename": "add_station"}}, {"model": "auth.permission", "pk": 34, "fields": {"name": "Can change station", "content_type": 9, "codename": "change_station"}}, {"model": "auth.permission", "pk": 35, "fields": {"name": "Can delete station", "content_type": 9, "codename": "delete_station"}}, {"model": "auth.permission", "pk": 36, "fields": {"name": "Can view station", "content_type": 9, "codename": "view_station"}}, {"model": "auth.permission", "pk": 37, "fields": {"name": "Can add train", "content_type": 10, "codename": "add_train"}}, {"model": "auth.permission", "pk": 38, "fields": {"name": "Can change train", "content_type": 10, "codename": "change_train"}}, {"model": "auth.permission", "pk": 39, "fields": {"name": "Can delete train", "content_type": 10, "codename": "delete_train"}}, {"model": "auth.permission", "pk": 40, "fields": {"name": "Can view train", "content_type": 10, "codename": "view_train"}}, {"model": "auth.permission", "pk": 41, "fields": {"name": "Can add train type", "content_type": 11, "codename": "add_traintype"}}, {"model": "auth.permission", "pk": 42, "fields": {"name": "Can change train type", "content_type": 11, "codename": "change_traintype"}}, {"model": "auth.permission", "pk": 43, "fields": {"name": "Can delete train type", "content_type": 11, "codename": "delete_traintype"}}, {"model": "auth.permission", "pk": 44, "fields": {"name": "Can view train type", "content_type": 11, "codename": "view_traintype"}}, {"model": "auth.permission", "pk": 45, "fields": {"name": "Can add trip", "content_type": 12, "codename": "add_trip"}}, {"model": "auth.permission", "pk": 46, "fields": {"name": "Can change trip", "content_type": 12, "codename": "change_trip"}}, {"model": "auth.permission", "pk": 47, "fields": {"name": "Can delete trip", "content_type": 12, "codename": "delete_trip"}}, {"model": "auth.permission", "pk": 48, "fields": {"name": "Can view trip", "content_type": 12, "codename": "view_trip"}}, {"model": "auth.permission", "pk": 49, "fields": {"name": "Can add crew", "content_type": 13, "codename": "add_crew"}}, {"model": "auth.permission", "pk": 50, "fields": {"name": "Can change crew", "content_type": 13, "codename": "change_crew"}}, {"model": "auth.permission", "pk": 51, "fields": {"name": "Can delete crew", "content_type": 13, "codename": "delete_crew"}}, {"model": "auth.permission", "pk": 52, "fields": {"name": "Can view crew", "content_type": 13, "codename": "view_crew"}}, {"model": "auth.permission", "pk": 53, "fields": {"name": "Can add user", "content_type": 14, "codename": "add_user"}}, {"model": "auth.permission", "pk": 54, "fields": {"name": "Can change user", "content_type": 14, "codename": "change_user"}}, {"model": "auth.permission", "pk": 55, "fields": {"name": "Can delete user", "content_type": 14, "codename": "delete_user"}}, {"model": "auth.permission", "pk": 56, "fields": {"name": "Can view user", "content_type": 14, "codename": "view_user"}}, {"model": "contenttypes.contenttype", "pk": 1, "fields": {"app_label": "admin", "model": "logentry"}}, {"model": "contenttypes.contenttype", "pk": 2, "fields": {"app_label": "auth", "model": "permission"}}, {"model": "contenttypes.contenttype", "pk": 3, "fields": {"app_label": "auth", "model": "group"}}, {"model": "contenttypes.contenttype", "pk": 4, "fields": {"app_label": "contenttypes", "model": "contenttype"}}, {"model": "contenttypes.contenttype", "pk": 5, "fields": {"app_label": "sessions", "model": "session"}}, {"model": "contenttypes.contenttype", "pk": 6, "fields": {"app_label": "orders", "model": "order"}}, {"model": "contenttypes.contenttype", "pk": 7, "fields": {"app_label": "orders", "model": "ticket"}}, {"model": "contenttypes.contenttype", "pk": 8, "fields": {"app_label": "train_station", "model": "route"}}, {"model": "contenttypes.contenttype", "pk": 9, "fields": {"app_label": "train_station", "model": "station"}}, {"model": "contenttypes.contenttype", "pk": 10, "fields": {"app_label": "train_station", "model": "train"}}, {"model": "contenttypes.contenttype", "pk": 11, "fields": {"app_label": "train_station", "model": "traintype"}}, {"model": "contenttypes.contenttype", "pk": 12, "fields": {"app_label": "train_station", "model": "trip"}}, {"model": "contenttypes.contenttype", "pk": 13, "fields": {"app_label": "train_station", "model": "crew"}}, {"model": "contenttypes.contenttype", "pk": 14, "fields": {"app_label": "user", "model": "user"}}, {"model": "train_station.traintype", "pk": 1, "fields": {"name": "Locomotive"}}, {"model": "train_station.traintype", "pk": 2, "fields": {"name": "Passenger"}}, {"model": "train_station.traintype", "pk": 3, "fields": {"name": "Short-Distance"}}, {"model": "train_station.traintype", "pk": 4, "fields": {"name": "Long-Distance"}}, {"model": "train_station.traintype", "pk": 5, "fields": {"name": "High-Speed"}}, {"model": "train_station.traintype", "pk": 6, "fields": {"name": "Inter-City"}}, {"model": "train_station.traintype", "pk": 7, "fields": {"name": "Regional"}}, {"model": "train_station.traintype", "pk": 8, "fields": {"name": "Commuter"}}, {"model": "train_station.traintype", "pk": 9, "fields": {"name": "Rapid Transit"}}, {"model": "train_station.traintype", "pk": 10, "fields": {"name": "Tram"}}, {"model": "train_station.traintype", "pk": 11, "fields": {"name": "Monorail"}}, {"model": "train_station.traintype", "pk": 12, "fields": {"name": "Maglev"}}, {"model": "train_station.traintype", "pk": 13, "fields": {"name": "Rail"}}, {"model": "train_station.traintype", "pk": 14, "fields": {"name": "Placcart"}}, {"model": "train_station.traintype", "pk": 15, "fields": {"name": "Armored"}}, {"model": "train_station.train", "pk": 1, "fields": {"name": "Poplavskiy", "cargo_num": 20, "places_in_cargo": 40, "train_type": 2, "image": ""}}, {"model": "train_station.train", "pk": 2, "fields": {"name": "Poplavskiy", "cargo_num": 20, "places_in_cargo": 40, "train_type": 2, "image": ""}}, {"model": "train_station.train", "pk": 3, "fields": {"name": "Iron fortress", "cargo_num": 10, "places_in_cargo": 5, "train_type": 15, "image": ""}}, {"model": "train_station.train", "pk": 4, "fields": {"name": "Tyutyuryk", "cargo_num": 40, "places_in_cargo": 40, "train_type": 14, "image": ""}}, {"model": "train_station.train", "pk": 5, "fields": {"name": "Transatlant", "cargo_num": 80, "places_in_cargo": 40, "train_type": 11, "image": ""}}, {"model": "train_station.train", "pk": 6, "fields": {"name": "Oreol", "cargo_num": 30, "places_in_cargo": 15, "train_type": 5, "image": ""}}, {"model": "train_station.train", "pk": 7, "fields": {"name": "Inceptor", "cargo_num": 20, "places_in_cargo": 30, "train_type": 5, "image": ""}}, {"model": "train_station.station", "pk": 1, "fields": {"name": "Dnipro-main", "latitude": "48.47734", "longitude": "35.01532"}}, {"model": "train_station.station", "pk": 2, "fields": {"name": "Lviv-main", "latitude": "49.83866", "longitude": "23.99648"}}, {"model": "train_station.station", "pk": 3, "fields": {"name": "Kyiv-main", "latitude": "50.44080", "longitude": "30.49009"}}, {"model": "train_station.station", "pk": 4, "fields": {"name": "Poltava-south", "latitude": "49.58205", "longitude": "34.59492"}}, {"model": "train_station.station", "pk": 5, "fields": {"name": "Odesa-main", "latitude": "46.46774", "longitude": "30.74045"}}, {"model": "train_station.route", "pk": 1, "fields": {"source": 1, "destination": 2, "distance": 200}}, {"model": "train_station.route", "pk": 2, "fields": {"source": 1, "destination": 3, "distance": 500}}, {"model": "train_station.route", "pk": 3, "fields": {"source": 1, "destination": 4, "distance": 300}}, {"model": "train_station.route", "pk": 4, "fields": {"source": 1, "destination": 5, "distance": 500}}, {"model": "train_station.route", "pk": 5, "fields": {"source": 2, "destination": 1, "distance": 200}}, {"model": "train_station.route", "pk": 6, "fields": {"source": 2, "destination": 3, "distance": 800}}, {"model": "train_station.route", "pk": 7, "fields": {"source": 2, "destination": 4, "distance": 1000}}, {"model": "train_station.route", "pk": 8, "fields": {"source": 2, "destination": 5, "distance": 1500}}, {"model": "train_station.route", "pk": 9, "fields": {"source": 3, "destination": 1, "distance": 500}}, {"model": "train_station.route", "pk": 10, "fields": {"source": 3, "destination": 2, "distance": 800}}, {"model": "train_station.route", "pk": 11, "fields": {"source": 3, "destination": 4, "distance": 400}}, {"model": "train_station.route", "pk": 12, "fields": {"source": 3, "destination": 5, "distance": 1200}}, {"model": "train_station.route", "pk": 13, "fields": {"source": 4, "destination": 1, "distance": 300}}, {"model": "train_station.route", "pk": 14, "fields": {"source": 4, "destination": 2, "distance": 1000}}, {"model": "train_station.route", "pk": 15, "fields": {"source": 4, "destination": 3, "distance": 400}}, {"model": "train_station.route", "pk": 16, "fields": {"source": 4, "destination": 5, "distance": 600}}, {"model": "train_station.route", "pk": 17, "fields": {"source": 5, "destination": 1, "distance": 500}}, {"model": "train_station.route", "pk": 18, "fields": {"source": 5, "destination": 2, "distance": 1500}}, {"model": "train_station.route", "pk": 19, "fields": {"source": 5, "destination": 3, "distance": 1200}}, {"model": "train_station.trip", "pk": 1, "fields": {"route": 1, "train": 1, "departure_time": "2023-08-15T17:13:00Z", "arrival_time": "2023-08-17T16:09:00Z"}}, {"model": "train_station.trip", "pk": 2, "fields": {"route": 12, "train": 1, "departure_time": "2023-08-15T17:13:00Z", "arrival_time": "2023-08-17T16:09:00Z"}}, {"model": "train_station.trip", "pk": 3, "fields": {"route": 9, "train": 6, "departure_time": "2023-08-15T17:13:00Z", "arrival_time": "2023-08-16T16:09:00Z"}}, {"model": "train_station.trip", "pk": 4, "fields": {"route": 17, "train": 6, "departure_time": "2023-08-15T17:13:00Z", "arrival_time": "2023-08-16T16:09:00Z"}}, {"model": "train_station.crew", "pk": 1, "fields": {"first_name": "Vasyl", "last_name": "Poroshenko", "trip": [2]}}, {"model": "train_station.crew", "pk": 2, "fields": {"first_name": "Zynoviy", "last_name": "Pypka", "trip": [3]}}, {"model": "train_station.crew", "pk": 3, "fields": {"first_name": "Inokentiy", "last_name": "Best", "trip": [4]}}, {"model": "user.user", "pk": 1, "fields": {"password": "pbkdf2_sha256$600000$bYTfUzvO65XtPU8ucni6hh$7QQvgCySm2oLGBQv+V6BWf0mMe4AIAndCq91iAr1/Rs=", "last_login": null, "is_superuser": true, "first_name": "", "last_name": "", "is_staff": true, "is_active": true, "date_joined": "2023-08-10T13:39:08.449Z", "email": "admin@mail.com", "groups": [], "user_permissions": []}}]
